id;address;lat;lon;serviceDurationMin;baseNormMin;windowStart;windowEnd;workPriority;skill;requiredTransport;requiredEquipment;requiredTools;urgent;hdType
32840;Москва, проезд 3-й Павелецкий, дом 9;55.710752;37.640553;70;90;18:00;20:00;new_connection;connection;;;cable_tester,crimping_tool;false;Конвергенция абонента
78540;Москва, улица Восточная, дом 2 корпус 2;55.717048;37.660476;70;90;18:00;20:00;new_connection;connection;;;cable_tester,crimping_tool;false;Конвергенция абонента
66376;Москва, улица Дубининская, дом 59 корпус 2;55.719742;37.637204;70;90;18:00;20:00;new_connection;connection;;;cable_tester,crimping_tool;false;Конвергенция абонента
23637;Москва, улица Шверника, дом 18 корпус 2;55.689117;37.592761;70;90;20:00;22:00;new_connection;connection;;;cable_tester,crimping_tool;false;Конвергенция абонента
97770;Москва, улица Нагорная, дом 44 корпус 2;55.670322;37.58925;70;90;20:00;22:00;new_connection;connection;;;cable_tester,crimping_tool;false;Конвергенция абонента
55711;Москва, улица Херсонская, дом 18;55.652231;37.567883;70;90;12:00;14:00;new_connection;connection;;;cable_tester,crimping_tool;false;Конвергенция абонента
76944;Москва, проспект 60-летия Октября, дом 18 корпус 2;55.68946;37.573381;70;90;16:00;18:00;new_connection;connection;;;cable_tester,crimping_tool;false;Конвергенция абонента
75881;Москва, улица Дмитрия Ульянова, дом 27;55.686128;37.581217;70;90;14:00;16:00;new_connection;connection;;;cable_tester,crimping_tool;false;Конвергенция абонента
85188;Москва, улица Усачёва, дом 29 корпус 1;55.724456;37.563917;70;90;16:00;18:00;new_connection;connection;;;cable_tester,crimping_tool;false;Заказ подключения/Дозаказ оборудования
19376;Москва, улица Винокурова, дом 12 корпус 4;55.685472;37.588447;70;90;16:00;18:00;new_connection;connection;;;cable_tester,crimping_tool;false;Конвергенция абонента
6185;Москва, проспект Балаклавский, дом 20 корпус 4;55.642328;37.59603;70;90;18:00;20:00;new_connection;connection;;;cable_tester,crimping_tool;false;Конвергенция абонента
80548;Москва, улица Садовники, дом 10 корпус 1;55.671099;37.652774;70;90;16:00;18:00;new_connection;connection;;;cable_tester,crimping_tool;false;Конвергенция абонента
76452;Москва, улица Каховка, дом 7 корпус 1;55.65107;37.589983;70;90;12:00;14:00;new_connection;connection;;;cable_tester,crimping_tool;false;Конвергенция абонента
47560;Москва, улица Большая Пионерская, дом 33 корпус 2;55.726314;37.635081;70;90;16:00;18:00;new_connection;connection;;alice;cable_tester,crimping_tool;false;Конвергенция абонента
79707;Москва, улица Плющиха, дом 42;55.741042;37.576303;70;90;10:00;12:00;new_connection;connection;;alice;cable_tester,crimping_tool;false;Конвергенция абонента
23142;Москва, улица Судостроительная, дом 31 корпус 3;55.684927;37.680431;70;90;10:00;12:00;new_connection;connection;;;cable_tester,crimping_tool;false;Конвергенция абонента
10776;Москва, улица Судостроительная, дом 36;55.684317;37.687598;70;90;12:00;14:00;new_connection;connection;;alice;cable_tester,crimping_tool;false;Конвергенция абонента
94447;Москва, улица Затонная, дом 11 корпус 3;55.679125;37.688526;70;90;10:00;12:00;new_connection;connection;;alice;cable_tester,crimping_tool;false;Заказ подключения/Дозаказ оборудования
94575;Москва, улица Автозаводская, дом 11;55.706239;37.657665;70;90;18:00;20:00;new_connection;connection;;;cable_tester,crimping_tool;false;Конвергенция абонента
94431;Москва, улица Шверника, дом 12/2 корпус 3;55.691241;37.586629;70;90;10:00;12:00;new_connection;connection;;;cable_tester,crimping_tool;false;Конвергенция абонента
52576;Москва, улица Судостроительная, дом 27 корпус 2;55.683651;37.679478;70;90;20:00;22:00;new_connection;connection;;;cable_tester,crimping_tool;false;Заявка на подключение
66315;Москва, улица Шверника, дом 3;55.694227;37.581729;70;90;16:00;18:00;new_connection;connection;;alice;cable_tester,crimping_tool;false;Конвергенция абонента
93544;Москва, бульвар Черноморский, дом 19 корпус 2;55.644906;37.597906;70;90;12:00;14:00;new_connection;connection;;;cable_tester,crimping_tool;false;Конвергенция абонента
19203;Москва, улица Керченская, дом 6 корпус 2;55.657328;37.583051;70;90;12:00;14:00;new_connection;connection;;;cable_tester,crimping_tool;false;Конвергенция абонента
16024;Москва, бульвар Кленовый, дом 10 корпус 1;55.682823;37.673314;70;90;10:00;12:00;new_connection;connection;;;cable_tester,crimping_tool;false;Заявка на подключение
90373;Москва, улица Коломенская, дом 5;55.683581;37.704593;70;90;12:00;14:00;new_connection;connection;;;cable_tester,crimping_tool;false;Конвергенция абонента
79719;Москва, бульвар Смоленский, дом 17 строение 1;55.742484;37.58353;70;90;12:00;14:00;new_connection;connection;;;cable_tester,crimping_tool;false;Заказ подключения/Дозаказ оборудования
6957;Москва, улица Усачёва, дом 25;55.724952;37.565162;70;90;10:00;12:00;new_connection;connection;;;cable_tester,crimping_tool;false;Конвергенция абонента
78036;Москва, проспект 60-летия Октября, дом 17;55.695422;37.580413;20;40;20:00;22:00;regular;connection;;router;;false;Конвергенция абонента
49105;Москва, улица Ремизова, дом 15 корпус 2;55.675756;37.604066;20;40;20:00;22:00;regular;connection;;set_top_box;;false;Заказ подключения/Дозаказ оборудования
27023;Москва, улица Шверника, дом 5 корпус 2;55.694616;37.582807;30;50;18:00;20:00;regular;local;;;cable_tester;false;Нет линка
26177;Москва, улица Академика Миллионщикова, дом 13 корпус 1;55.670034;37.64979;30;50;20:00;22:00;regular;local;;;cable_tester;false;Нет линка
77795;Москва, улица Винокурова, дом 5/6 корпус 2;55.689837;37.585122;30;50;18:00;20:00;regular;local;;;cable_tester;false;TVE/ENT. Другие ошибки
24132;Москва, проспект Балаклавский, дом 50;55.649603;37.570596;30;50;20:00;22:00;regular;local;;;cable_tester;false;Нет линка
99841;Москва, бульвар Симферопольский, дом 27;55.648664;37.606244;30;50;18:00;20:00;regular;local;;;cable_tester;false;Нет линка
20263;Москва, улица Болотниковская, дом 9 корпус 2;55.655272;37.609631;30;50;10:00;12:00;regular;local;;;cable_tester;false;Нет линка
51133;Москва, улица Трофимова, дом 4А;55.701087;37.66134;30;50;12:00;14:00;regular;local;;;cable_tester;false;Нет линка
90709;Москва, улица Коломенская, дом 21;55.677826;37.694394;30;50;16:00;18:00;regular;local;;;cable_tester;false;Разрывы
84074;Москва, набережная Нагатинская, дом 60 корпус 2;55.688013;37.687297;30;50;12:00;14:00;regular;local;;;cable_tester;false;Нет линка
12263;Москва, проезд Коломенский, дом 27 корпус 3;55.668921;37.658181;30;50;10:00;12:00;regular;local;;;cable_tester;false;Нет линка
95501;Москва, улица Затонная, дом 12 корпус 1;55.677136;37.685736;30;50;20:00;22:00;regular;local;;alice;cable_tester;false;Нет линка
86002;Москва, улица Городская, дом 9;55.715075;37.617981;30;50;14:00;16:00;regular;local;;;cable_tester;false;Нет линка
92618;Москва, проспект Севастопольский, дом 9 корпус 1;55.691354;37.607523;30;50;18:00;20:00;regular;local;;;cable_tester;false;IP-адрес 169...
26845;Москва, проезд 3-й Павелецкий, дом 7 корпус 2;55.710706;37.641817;30;50;12:00;14:00;regular;local;;router;cable_tester;false;Роутер. Замена техническим специалистом
80308;Москва, улица Большая Серпуховская, дом 31 корпус 6;55.723411;37.628634;30;50;10:00;12:00;regular;local;;;cable_tester;false;IP-адрес 169...
93276;Москва, улица 2-я Рощинская, дом 11;55.709291;37.612599;30;50;16:00;18:00;regular;local;;;cable_tester;false;Разрывы
61311;Москва, переулок Ослябинский, дом 3;55.71318;37.660288;30;50;16:00;18:00;regular;local;;set_top_box;cable_tester;false;ТВ. Замена приставки техником
46513;Москва, улица Шверника, дом 14/1 корпус 2;55.689976;37.590257;30;50;10:00;12:00;regular;local;;;cable_tester;false;Рост ошибок на порту
35265;Москва, улица Профсоюзная, дом 8 корпус 2;55.686463;37.569466;30;50;16:00;18:00;regular;local;;;cable_tester;false;Работа с кабелем
13203;Москва, проспект Нахимовский, дом 50;55.680855;37.558832;30;50;14:00;16:00;regular;local;;set_top_box;cable_tester;false;ТВ. Замена приставки техником
26896;Москва, бульвар Чонгарский, дом 22 корпус 2;55.65435;37.603774;30;50;18:00;20:00;regular;local;;;cable_tester;false;Переключение на Гбит/с
87819;Москва, улица Люсиновская, дом 4;55.727442;37.622451;30;50;14:00;16:00;regular;local;;alice;cable_tester;false;Переключение на Гбит/с
5406;Москва, улица Ремизова, дом 15 корпус 2;55.675756;37.604066;30;50;10:00;12:00;regular;local;;alice;cable_tester;false;Переключение на Гбит/с
86864;Москва, бульвар Чонгарский, дом 1 корпус 4;55.652009;37.61574;30;50;16:00;18:00;regular;local;;;cable_tester;false;Работа с кабелем
17896;Москва, улица Керченская, дом 10 корпус 2;55.65557;37.581593;30;50;14:00;16:00;regular;local;;;cable_tester;false;IP-адрес 169...
18023;Москва, проспект Ленинский, дом 70/11;55.688618;37.543283;80;100;14:00;16:00;emergency;emergency;car;;cable_tester,laptop;false;Информация
Адрес офиса;город Москва проезд Симферопольский, дом 7
